,Mintimes,Mintypes,Errors,Units,Data_group,Ecorr,OC,Weights
0,2454531.947055,0,1.5e-05,,Literature,-6676.0,-1.750420778989792e-05,4444444444.444445
1,2454532.917675,0,1.5e-05,,Literature,-6670.0,-2.017989754676819e-05,4444444444.444445
2,2454535.991285,0,1.5e-05,,Literature,-6651.0,-4.865415394306183e-05,4444444444.444445
3,2454536.961895,0,1.5e-05,,Literature,-6645.0,-6.13299198448658e-05,4444444444.444445
4,2454554.918436,0,1.5e-05,,Literature,-6534.0,-3.983592614531517e-05,4444444444.444445
5,2454568.830696,0,1.5e-05,,Literature,-6448.0,-3.819214180111885e-05,4444444444.444445
6,2454569.963026,0,1.5e-05,,Literature,-6441.0,-0.00010131392627954483,4444444444.444445
7,2454582.904736,0,1.5e-05,,Literature,-6361.0,-2.6993919163942337e-05,4444444444.444445
8,2454583.875346,0,1.5e-05,,Literature,-6355.0,-3.9670150727033615e-05,4444444444.444445
9,2454639.686207,0,1.5e-05,,Literature,-6010.0,1.7459969967603683e-05,4444444444.444445
10,2454918.901895,0,1.5e-05,,Literature,-4284.0,-8.433591574430466e-05,4444444444.444445
11,2454917.284245,0,9e-05,,Literature,-4294.0,-2.9875896871089935e-05,123456790.12345678
12,2454944.299895,0,5e-05,,Literature,-4127.0,-4.4357962906360626e-05,400000000.0
13,2454918.254885,0,4e-05,,Literature,-4288.0,-1.2551899999380112e-05,624999999.9999999
14,2454932.328875,0,4e-05,,Literature,-4201.0,-5.13540580868721e-05,624999999.9999999
15,2454979.080456,0,4e-05,,Literature,-3912.0,-0.0001292484812438488,624999999.9999999
16,2455045.082977,0,4e-05,,Literature,-3504.0,4.9783848226070404e-05,624999999.9999999
17,2455015.155297,0,3e-05,,Literature,-3689.0,-9.770598262548447e-05,1111111111.1111112
18,2455016.125957,0,3e-05,,Literature,-3683.0,-6.038183346390724e-05,1111111111.1111112
19,2454985.066016,0,2e-05,,Literature,-3875.0,-7.575005292892456e-05,2499999999.9999995
20,2454985.066036,0,2e-05,,Literature,-3875.0,-5.575036630034447e-05,2499999999.9999995
21,2454994.125157,0,2e-05,,Literature,-3819.0,-7.972586899995804e-05,2499999999.9999995
22,2455001.081387,0,2e-05,,Literature,-3776.0,2.109585329890251e-05,2499999999.9999995
23,2455023.082147,0,2e-05,,Literature,-3640.0,4.3958425521850586e-07,2499999999.9999995
24,2454979.080536,0,1e-05,,Literature,-3912.0,-4.9248337745666504e-05,9999999999.999998
25,2454979.080536,0,1e-05,,Literature,-3912.0,-4.9248337745666504e-05,9999999999.999998
26,2455000.110657,0,1e-05,,Literature,-3782.0,-8.622836321592331e-05,9999999999.999998
27,2455360.69704,0,7e-05,,Literature,-1553.0,-2.736225724220276e-05,204081632.65306127
28,2455360.85882,0,7e-05,,Literature,-1552.0,-1.7807818949222565e-05,204081632.65306127
30,2456465.9128,0,5e-05,,Literature,5279.0,4.55658882856369e-05,400000000.0
31,2455365.71191,0,3e-05,,Literature,-1522.0,-4.1188206523656845e-05,1111111111.1111112
32,2455366.8443,0,3e-05,,Literature,-1515.0,-4.430999979376793e-05,1111111111.1111112
33,2455367.65321,0,3e-05,,Literature,-1510.0,1.3459939509630203e-05,1111111111.1111112
34,2456018.77927,0,3e-05,,Literature,2515.0,2.8309877961874008e-05,1111111111.1111112
35,2456018.941,0,3e-05,,Literature,2516.0,-1.21360644698143e-05,1111111111.1111112
36,2456051.94216,0,3e-05,,Literature,2720.0,-2.3120082914829254e-05,1111111111.1111112
37,2456408.96961,0,3e-05,,Literature,4927.0,5.255779251456261e-05,1111111111.1111112
38,2456460.89791,0,3e-05,,Literature,5248.0,3.939168527722359e-05,1111111111.1111112
39,2455317.98961,0,2e-05,,Literature,-1817.0,-5.961814895272255e-05,2499999999.9999995
40,2455336.91673,0,2e-05,,Literature,-1700.0,-8.179992437362671e-05,2499999999.9999995
41,2455338.858,0,2e-05,,Literature,-1688.0,-5.715200677514076e-05,2499999999.9999995
42,2455340.96098,0,2e-05,,Literature,-1675.0,-9.295018389821053e-05,2499999999.9999995
43,2455359.8882,0,2e-05,,Literature,-1558.0,-1.5132129192352295e-05,2499999999.9999995
44,2455361.82946,0,2e-05,,Literature,-1546.0,-4.838220775127411e-07,2499999999.9999995
45,2455363.77068,0,2e-05,,Literature,-1534.0,-2.5836285203695297e-05,2499999999.9999995
46,2455367.81495,0,2e-05,,Literature,-1509.0,-1.6985926777124405e-05,2499999999.9999995
47,2455632.95671,0,2e-05,,Literature,130.0,-1.7980113625526428e-05,2499999999.9999995
48,2455666.92853,0,2e-05,,Literature,340.0,8.360017091035843e-06,2499999999.9999995
49,2455667.89914,0,2e-05,,Literature,346.0,-4.316214472055435e-06,2499999999.9999995
50,2456021.8529,0,2e-05,,Literature,2534.0,1.983577385544777e-05,2499999999.9999995
51,2456022.82355,0,2e-05,,Literature,2540.0,4.715984687209129e-05,2499999999.9999995
52,2456044.82432,0,2e-05,,Literature,2676.0,3.6504119634628296e-05,2499999999.9999995
53,2456045.95667,0,2e-05,,Literature,2683.0,-6.61797821521759e-06,2499999999.9999995
54,2456046.92729,0,2e-05,,Literature,2689.0,-9.294133633375168e-06,2499999999.9999995
55,2456352.99701,0,2e-05,,Literature,4581.0,2.687377855181694e-05,2499999999.9999995
56,2456408.80783,0,2e-05,,Literature,4926.0,4.300381988286972e-05,2499999999.9999995
57,2456466.88343,0,2e-05,,Literature,5285.0,5.2889809012413025e-05,2499999999.9999995
58,2456762.92331,0,2e-05,,Literature,7115.0,1.6709789633750916e-05,2499999999.9999995
59,2455363.93247,0,1e-05,,Literature,-1533.0,-6.28223642706871e-06,9999999999.999998
60,2455364.74132,0,1e-05,,Literature,-1528.0,-8.512288331985474e-06,9999999999.999998
61,2455364.90312,0,1e-05,,Literature,-1527.0,2.1041836589574814e-05,9999999999.999998
62,2455631.01546,0,1e-05,,Literature,118.0,-2.262834459543228e-05,9999999999.999998
63,2455662.88427,0,1e-05,,Literature,315.0,9.509734809398651e-06,9999999999.999998
64,2455668.86976,0,1e-05,,Literature,352.0,-6.991904228925705e-06,9999999999.999998
65,2455670.97274,0,1e-05,,Literature,365.0,-4.279008135199547e-05,9999999999.999998
66,2456022.98527,0,1e-05,,Literature,2541.0,-3.286171704530716e-06,9999999999.999998
67,2456023.95593,0,1e-05,,Literature,2547.0,3.403797745704651e-05,9999999999.999998
68,2456045.79496,0,1e-05,,Literature,2682.0,5.382811650633812e-05,9999999999.999998
69,2456046.76555,0,1e-05,,Literature,2688.0,2.1152198314666748e-05,9999999999.999998
70,2456051.78041,0,1e-05,,Literature,2719.0,-2.673827111721039e-06,9999999999.999998
71,2456052.75104,0,1e-05,,Literature,2725.0,4.650093615055084e-06,9999999999.999998
72,2456052.91282,0,1e-05,,Literature,2726.0,1.420406624674797e-05,9999999999.999998
73,2456053.88345,0,1e-05,,Literature,2732.0,2.1527986973524094e-05,9999999999.999998
74,2456402.98408,0,1e-05,,Literature,4890.0,2.905959263443947e-05,9999999999.999998
75,2456459.92729,0,1e-05,,Literature,5242.0,4.2067840695381165e-05,9999999999.999998
76,2456763.89394,0,1e-05,,Literature,7121.0,2.403371036052704e-05,9999999999.999998
77,2456778.93859,0,1e-05,,Literature,7214.0,2.2555701434612274e-05,9999999999.999998
78,2456779.90924,0,1e-05,,Literature,7220.0,4.98797744512558e-05,9999999999.999998
79,2456780.87986,0,1e-05,,Literature,7226.0,4.720408469438553e-05,9999999999.999998
80,2456781.85042,0,1e-05,,Literature,7232.0,-1.5472061932086945e-05,9999999999.999998
81,2455960.703707,0,1e-05,,Literature,2156.0,5.5423472076654434e-05,9999999999.999998
82,2455966.527447,0,1e-05,,Literature,2192.0,5.9368088841438293e-05,9999999999.999998
83,2456055.339417,0,1e-05,,Literature,2741.0,5.451356992125511e-05,9999999999.999998
84,2456184.270457,0,1e-05,,Literature,3538.0,4.905182868242264e-05,9999999999.999998
85,2456366.424034,0,1e-05,,Literature,4664.0,0.00010385597124695778,9999999999.999998
86,2456394.410294,0,1e-05,,Literature,4837.0,7.669813930988312e-05,9999999999.999998
87,2456461.383233,0,1e-05,,Literature,5251.0,5.105370655655861e-05,9999999999.999998
88,2456482.413413,0,1e-05,,Literature,5381.0,7.307389751076698e-05,9999999999.999998
89,2456706.627268,0,1e-05,,Literature,6767.0,8.991779759526253e-05,9999999999.999998
90,2456714.554008,0,1e-05,,Literature,6816.0,7.806392386555672e-05,9999999999.999998
91,2456738.495997,0,1e-05,,Literature,6964.0,4.105595871806145e-05,9999999999.999998
92,2456747.393407,0,1e-05,,Literature,7019.0,7.652631029486656e-05,9999999999.999998
93,2456809.351486,0,1e-05,,Literature,7402.0,7.470790296792984e-05,9999999999.999998
94,2456858.367895,0,1e-05,,Literature,7705.0,3.856979310512543e-05,9999999999.999998
95,2456945.238653,0,1e-05,,Literature,8242.0,6.706779822707176e-05,9999999999.999998
97,2457185.467748,0,1e-05,,Literature,9727.0,4.975777119398117e-05,9999999999.999998
98,2457503.346624,0,1e-05,,Literature,11692.0,-6.319023668766022e-07,9999999999.999998
99,2457764.605901,0,1e-05,,Literature,13307.0,6.077811121940613e-06,9999999999.999998
100,2457853.417861,0,1e-05,,Literature,13856.0,-8.775852620601654e-06,9999999999.999998
101,2457892.404551,0,1e-05,,Literature,14097.0,3.737863153219223e-06,9999999999.999998
102,2457918.449511,0,1e-05,,Literature,14258.0,-7.806811481714249e-05,9999999999.999998
103,2457926.376312,0,1e-05,,Literature,14307.0,-2.8921756893396378e-05,9999999999.999998
104,2457957.436203,0,1e-05,,Literature,14499.0,-6.355391815304756e-05,9999999999.999998
105,2457966.333591,0,1e-05,,Literature,14554.0,-5.008373409509659e-05,9999999999.999998
106,2457988.334321,0,1e-05,,Literature,14690.0,-0.00010073976591229439,9999999999.999998
107,2457994.319881,0,1e-05,,Literature,14727.0,-4.724226891994476e-05,9999999999.999998
108,2458178.576424,0,1e-05,,Literature,15866.0,-4.2236410081386566e-05,9999999999.999998
109,2458258.491005,0,1e-05,,Literature,16360.0,-6.155995652079582e-05,9999999999.999998
110,2458330.478886,0,1e-05,,Literature,16805.0,-2.903025597333908e-05,9999999999.999998
111,2458604.356211,0,1e-05,,Literature,18498.0,-6.910786032676697e-05,9999999999.999998
112,2458727.301773,0,1e-05,,Literature,19258.0,-4.6067871153354645e-05,9999999999.999998
113,2458942.618229,0,1e-05,,Literature,20589.0,-5.369400605559349e-05,9999999999.999998
114,2458946.338959,0,1e-05,,Literature,20612.0,-4.395190626382828e-05,9999999999.999998
115,2458946.500699,0,1e-05,,Literature,20613.0,-7.43982382118702e-05,9999999999.999998
116,2458955.8834,0,1e-05,,Literature,20671.0,-5.92661090195179e-05,9999999999.999998
117,2458956.04517,0,1e-05,,Literature,20672.0,-5.971221253275871e-05,9999999999.999998
118,2458968.33972,0,1e-05,,Literature,20748.0,-6.360793486237526e-05,9999999999.999998
119,2458969.31037,0,1e-05,,Literature,20754.0,-3.6283861845731735e-05,9999999999.999998
120,2458981.92845,0,1e-05,,Literature,20832.0,-5.107233300805092e-05,9999999999.999998
121,2458982.25196,0,1e-05,,Literature,20834.0,-8.196430280804634e-05,9999999999.999998
122,2459074.461113,0,1e-05,,Literature,21404.0,-8.318433538079262e-05,9999999999.999998
123,2459089.344004,0,1e-05,,Literature,21496.0,-7.321592420339584e-05,9999999999.999998
124,2459108.271134,0,1e-05,,Literature,21613.0,-8.539808914065361e-05,9999999999.999998
126,2458965.4278,0,1e-05,,Literature,20730.0,-0.00011557992547750473,9999999999.999998
127,2455860.567775,0,1.2e-05,,Literature,1537.0,2.949777990579605e-05,6944444444.444444
128,2455611.926569,0,1e-05,,Literature,-0.0,-1.000240445137024e-06,9999999999.999998
129,2455806.698204,0,1e-05,,Literature,1204.0,1.70157290995121e-05,9999999999.999998
130,2455653.986899,0,9e-06,,Literature,260.0,1.3039913028478622e-05,12345679012.345678
131,2455682.94382,0,9e-06,,Literature,439.0,2.4206005036830902e-05,12345679012.345678
132,2455685.85566,0,9e-06,,Literature,457.0,-3.822147846221924e-06,12345679012.345678
133,2455690.870566,0,9e-06,,Literature,488.0,1.8352176994085312e-05,12345679012.345678
136,2460388.522479,0,1e-05,,Literature,29527.0,-5.00422902405262e-05,9999999999.999998
137,2460388.522489,0,1e-05,,Literature,29527.0,-4.00422140955925e-05,9999999999.999998
138,2460418.611769,0,1e-05,,Literature,29713.0,-6.299791857600212e-05,9999999999.999998
139,2460418.611779,0,1e-05,,Literature,29713.0,-5.299784243106842e-05,9999999999.999998
140,2460434.465309,0,1e-05,,Literature,29811.0,-2.6706140488386154e-05,9999999999.999998
141,2460434.465309,0,1e-05,,Literature,29811.0,-2.6706140488386154e-05,9999999999.999998
142,2460515.512268,0,1e-05,,Literature,30312.0,-6.115250289440155e-05,9999999999.999998
143,2459375.030613,0,1e-05,,Literature,23262.0,-7.185200229287148e-05,9999999999.999998
144,2459375.192413,0,1e-05,,Literature,23263.0,-4.2298343032598495e-05,9999999999.999998
145,2460415.53809443,0,3.7375141613e-05,,This Study,29694.0,-9.909411892294884e-05,715870236.5046594
146,2460369.59533181,0,2.060282115e-05,,This Study,29410.0,-5.505001172423363e-05,2355844467.4252644
148,2460543.33682419,0,1.4173017453e-05,,This Study,30484.0,-2.1674204617738724e-05,4978234567.9744625
149,2460128.395626,0,1.3108730215e-05,,This Study,27919.0,-2.5874003767967224e-05,5819407225.374403
150,2459997.52330312,0,1.048731231e-05,,This Study,27110.0,-5.7940371334552765e-05,9092254786.981064
151,2460466.495854,0,1e-05,,This Study,30009.0,-3.0014198273420334e-05,9999999999.999998
152,2460410.52328059,0,5.781980309e-06,,This Study,29663.0,-2.910848706960678e-05,29912091688.455727
153,2460446.43636324,0,3.5236935258e-05,,This Study,29885.0,1.452956348657608e-05,805385382.4360213
154,2460359.56558752,0,1.7310878151e-05,,This Study,29348.0,-3.168778494000435e-05,3337042986.5489993
155,2460801.36071109,0,1.514e-05,,This Study,32079.0,3.855675458908081e-06,4362628675.732791
156,2460405.50841512,0,1.4894641754e-05,,This Study,29632.0,-1.07521191239357e-05,4507542974.656209
157,2460080.51155645,0,1.3159797888e-05,,This Study,27623.0,-4.3408479541540146e-05,5774329487.076561
158,2460053.49588743,0,7.360066103e-06,,This Study,27456.0,-4.7946348786354065e-05,18460207154.386482
159,2460388.52246676,0,5.43797e-05,,AAVSO,29527.0,-6.228219717741013e-05,338163231.7414804
160,2458955.39806702,0,4.25743e-05,,AAVSO,20668.0,-8.090818300843239e-05,551702520.1747215
161,2459098.4031726,0,4.23525e-05,,AAVSO,21552.0,-4.9591995775699615e-05,557496182.3445413
162,2460332.71174661,0,4.05361e-05,,AAVSO,29182.0,2.1437648683786392e-05,608577756.2434695
163,2459304.4986926,0,3.44387e-05,,AAVSO,22826.0,-7.779616862535477e-05,843153217.2692044
164,2459041.45998095,0,3.40303e-05,,AAVSO,21200.0,-4.424992948770523e-05,863512133.9250915
165,2460088.43828278,0,3.37571e-05,,AAVSO,27672.0,-6.893230602145195e-05,877545693.9273366
166,2460107.52723802,0,3.19653e-05,,AAVSO,27790.0,-2.632010728120804e-05,978683869.8385516
167,2460411.49388249,0,2.76071e-05,,AAVSO,29669.0,-4.9884431064128876e-05,1312074282.8520796
168,2460317.66702967,0,2.71575e-05,,AAVSO,29089.0,-4.402408376336098e-05,1355877405.2597823
169,2460513.40930603,0,2.51689e-05,,AAVSO,30299.0,-7.324386388063431e-06,1578597931.951929
170,2460038.45123119,0,2.09683e-05,,AAVSO,27363.0,-5.2708201110363007e-05,2274435141.474444
171,2459664.43794239,0,2.04483e-05,,AAVSO,25051.0,-7.035629823803902e-05,2391583694.2691298
172,2460434.46530158,0,1.79944e-05,,AAVSO,29811.0,-3.412645310163498e-05,3088341088.6206465
173,2460359.56557299,0,1.78041e-05,,AAVSO,29348.0,-4.621781408786774e-05,3154713688.1685953
174,2460515.51230068,0,1.70031e-05,,AAVSO,30312.0,-2.847239375114441e-05,3458945999.485063
175,2460797.316474,0,1.63468e-05,,AAVSO,32054.0,2.791592851281166e-05,3742264688.7420235
176,2460418.61177418,0,1.20964e-05,,AAVSO,29713.0,-5.781790241599083e-05,6834200580.447573
177,2458966.560254,0,7.7e-05,,TESS Sector 24,20737.0,-5.4702162742614746e-05,168662506.32484397
178,2458975.457632,0,7.7e-05,,TESS Sector 24,20792.0,-5.123205482959747e-05,168662506.32484397
179,2458960.412983,0,7.5e-05,,TESS Sector 24,20699.0,-4.875427111983299e-05,177777777.77777782
180,2458974.486971,0,6.4e-05,,TESS Sector 24,20786.0,-8.955597877502441e-05,244140625.0
181,2458975.295873,0,6.4e-05,,TESS Sector 24,20791.0,-3.978610038757324e-05,244140625.0
182,2458980.796035,0,5.9e-05,,TESS Sector 24,20825.0,-7.295003160834312e-05,287273771.9046251
183,2458960.089453,0,5e-05,,TESS Sector 24,20697.0,-3.7861987948417664e-05,400000000.0
184,2458960.574763,0,4.8e-05,,TESS Sector 24,20700.0,-3.9200298488140106e-05,434027777.77777773
185,2458973.516407,0,4.8e-05,,TESS Sector 24,20780.0,-3.088032826781273e-05,434027777.77777773
186,2458976.104703,0,4.7e-05,,TESS Sector 24,20796.0,-6.20163045823574e-05,452693526.48257136
187,2458959.60413,0,4.6e-05,,TESS Sector 24,20694.0,-4.952447488903999e-05,472589792.06049144
188,2458966.074918,0,4.5e-05,,TESS Sector 24,20734.0,-7.936405017971992e-05,493827160.4938271
189,2458976.91356,0,4.5e-05,,TESS Sector 24,20801.0,-5.7246536016464233e-05,493827160.4938271
190,2458980.148968,0,4.5e-05,,TESS Sector 24,20821.0,-5.816621705889702e-05,493827160.4938271
191,2458959.765882,0,4.4e-05,,TESS Sector 24,20695.0,-6.797024980187416e-05,516528925.6198347
192,2458960.251173,0,4.4e-05,,TESS Sector 24,20698.0,-8.830847218632698e-05,516528925.6198347
193,2458974.9723,0,4.2e-05,,TESS Sector 24,20789.0,-7.189391180872917e-05,566893424.0362812
194,2458976.26648,0,4.2e-05,,TESS Sector 24,20797.0,-5.5462121963500977e-05,566893424.0362812
195,2458976.590031,0,4.2e-05,,TESS Sector 24,20799.0,-4.535447806119919e-05,566893424.0362812
196,2458979.50188,0,4.2e-05,,TESS Sector 24,20817.0,-6.438232958316803e-05,566893424.0362812
197,2458963.163083,0,4.1e-05,,TESS Sector 24,20716.0,-4.63360920548439e-05,594883997.620464
198,2458963.810171,0,4.1e-05,,TESS Sector 24,20720.0,-4.011997953057289e-05,594883997.620464
199,2458961.060112,0,4e-05,,TESS Sector 24,20703.0,-1.5380792319774628e-06,624999999.9999999
200,2458979.825421,0,4e-05,,TESS Sector 24,20819.0,-6.427429616451263e-05,624999999.9999999
201,2458962.67772,0,3.9e-05,,TESS Sector 24,20713.0,-9.799795225262642e-05,657462195.9237344
202,2458973.678184,0,3.9e-05,,TESS Sector 24,20781.0,-2.43261456489563e-05,657462195.9237344
203,2458963.001262,0,3.8e-05,,TESS Sector 24,20715.0,-9.689014405012131e-05,692520775.6232686
204,2458963.971934,0,3.8e-05,,TESS Sector 24,20721.0,-4.756590351462364e-05,692520775.6232686
205,2458967.692638,0,3.8e-05,,TESS Sector 24,20744.0,-6.382400169968605e-05,692520775.6232686
206,2458978.854795,0,3.8e-05,,TESS Sector 24,20813.0,-6.759818643331528e-05,692520775.6232686
208,2458962.515966,0,3.7e-05,,TESS Sector 24,20712.0,-8.155219256877899e-05,730460189.9196494
209,2458962.839552,0,3.7e-05,,TESS Sector 24,20714.0,-3.64440493285656e-05,730460189.9196494
210,2458966.398505,0,3.7e-05,,TESS Sector 24,20736.0,-3.3256132155656815e-05,730460189.9196494
211,2458978.693049,0,3.6e-05,,TESS Sector 24,20812.0,-4.315190017223358e-05,771604938.2716049
212,2458961.383579,0,3.5e-05,,TESS Sector 24,20705.0,-7.543014362454414e-05,816326530.6122451
213,2458967.369055,0,3.5e-05,,TESS Sector 24,20742.0,-0.00010593188926577568,816326530.6122451
214,2458976.751762,0,3.5e-05,,TESS Sector 24,20800.0,-8.480018004775047e-05,816326530.6122451
215,2458979.987253,0,3.5e-05,,TESS Sector 24,20820.0,-2.719927579164505e-06,816326530.6122451
216,2458959.442327,0,3.4e-05,,TESS Sector 24,20693.0,-8.207792416214943e-05,865051903.1141869
217,2458960.736538,0,3.4e-05,,TESS Sector 24,20701.0,-3.4646131098270416e-05,865051903.1141869
218,2458966.236743,0,3.4e-05,,TESS Sector 24,20735.0,-2.4810433387756348e-05,865051903.1141869
219,2458965.751408,0,3.3e-05,,TESS Sector 24,20732.0,-4.84720803797245e-05,918273645.5463728
220,2458966.883776,0,3.3e-05,,TESS Sector 24,20739.0,-7.359450682997704e-05,918273645.5463728
221,2458962.030654,0,3.2e-05,,TESS Sector 24,20709.0,-8.221389725804329e-05,976562500.0
222,2458963.648362,0,3.2e-05,,TESS Sector 24,20719.0,-7.867394015192986e-05,976562500.0
223,2458974.163471,0,3.1e-05,,TESS Sector 24,20784.0,-4.86643984913826e-05,1040582726.3267429
224,2458975.781151,0,3.1e-05,,TESS Sector 24,20794.0,-7.312418892979622e-05,1040582726.3267429
225,2458979.340104,0,3.1e-05,,TESS Sector 24,20816.0,-6.993580609560013e-05,1040582726.3267429
226,2458967.207324,0,3e-05,,TESS Sector 24,20741.0,-6.64861872792244e-05,1111111111.1111112
227,2458980.472516,0,3e-05,,TESS Sector 24,20823.0,-5.1058363169431686e-05,1111111111.1111112
228,2458963.324908,0,2.9e-05,,TESS Sector 24,20717.0,8.217990398406982e-06,1189060642.0927467
229,2458965.427842,0,2.9e-05,,TESS Sector 24,20730.0,-7.35800713300705e-05,1189060642.0927467
230,2458965.913152,0,2.9e-05,,TESS Sector 24,20733.0,-7.491838186979294e-05,1189060642.0927467
231,2458967.045604,0,2.8e-05,,TESS Sector 24,20740.0,-1.6040168702602386e-05,1275510204.0816326
232,2458977.237132,0,2.8e-05,,TESS Sector 24,20803.0,-2.613849937915802e-05,1275510204.0816326
233,2458979.178347,0,2.8e-05,,TESS Sector 24,20815.0,-5.6490302085876465e-05,1275510204.0816326
234,2458963.48665,0,2.7e-05,,TESS Sector 24,20718.0,-2.0228326320648193e-05,1371742112.4828532
235,2458964.619002,0,2.6e-05,,TESS Sector 24,20725.0,-6.134994328022003e-05,1479289940.8284025
236,2458977.398853,0,2.6e-05,,TESS Sector 24,20804.0,-7.5584277510643e-05,1479289940.8284025
237,2458979.016581,0,2.6e-05,,TESS Sector 24,20814.0,-5.204416811466217e-05,1479289940.8284025
238,2458980.310753,0,2.6e-05,,TESS Sector 24,20822.0,-4.361197352409363e-05,1479289940.8284025
239,2458982.09021,0,2.6e-05,,TESS Sector 24,20833.0,-6.151804700493813e-05,1479289940.8284025
240,2458967.854404,0,2.5e-05,,TESS Sector 24,20745.0,-6.827013567090034e-05,1600000000.0
241,2458980.634314,0,2.5e-05,,TESS Sector 24,20824.0,-2.350378781557083e-05,1600000000.0
242,2458980.957819,0,2.5e-05,,TESS Sector 24,20826.0,-5.939602851867676e-05,1600000000.0
243,2458959.927668,0,2.4e-05,,TESS Sector 24,20696.0,-5.2416231483221054e-05,1736111111.111111
244,2458961.221807,0,2.4e-05,,TESS Sector 24,20704.0,-7.698405534029007e-05,1736111111.111111
245,2458964.133647,0,2.4e-05,,TESS Sector 24,20722.0,-0.0001050122082233429,1736111111.111111
246,2458964.29545,0,2.4e-05,,TESS Sector 24,20723.0,-7.245782762765884e-05,1736111111.111111
247,2458975.134051,0,2.4e-05,,TESS Sector 24,20790.0,-9.134039282798767e-05,1736111111.111111
248,2458981.766661,0,2.4e-05,,TESS Sector 24,20831.0,-6.962614133954048e-05,1736111111.111111
249,2458960.898269,0,2.3e-05,,TESS Sector 24,20702.0,-7.409229874610901e-05,1890359168.2419658
250,2458964.942552,0,2.3e-05,,TESS Sector 24,20727.0,-5.224253982305527e-05,1890359168.2419658
251,2458981.119658,0,2.3e-05,,TESS Sector 24,20827.0,9.157694876194e-06,1890359168.2419658
252,2458981.604906,0,2.2e-05,,TESS Sector 24,20830.0,-5.418015643954277e-05,2066115702.479339
253,2458961.707153,0,2.1e-05,,TESS Sector 24,20707.0,-4.232209175825119e-05,2267573696.145125
254,2458974.810532,0,2.1e-05,,TESS Sector 24,20788.0,-6.944825872778893e-05,2267573696.145125
255,2458977.560659,0,2.1e-05,,TESS Sector 24,20805.0,-4.00301069021225e-05,2267573696.145125
256,2458965.589638,0,2e-05,,TESS Sector 24,20731.0,-4.8026442527770996e-05,2499999999.9999995
257,2458967.53086,0,2e-05,,TESS Sector 24,20743.0,-7.13784247636795e-05,2499999999.9999995
258,2458974.00169,0,2e-05,,TESS Sector 24,20783.0,-5.92181459069252e-05,2499999999.9999995
259,2458978.045955,0,2e-05,,TESS Sector 24,20808.0,-5.536805838346481e-05,2499999999.9999995
260,2458962.192458,0,1.9e-05,,TESS Sector 24,20710.0,-4.866020753979683e-05,2770083102.4930744
261,2458977.884194,0,1.9e-05,,TESS Sector 24,20807.0,-4.592211917042732e-05,2770083102.4930744
262,2458982.25198,0,1.9e-05,,TESS Sector 24,20834.0,-6.196415051817894e-05,2770083102.4930744
263,2458975.942966,0,1.7e-05,,TESS Sector 24,20795.0,-2.8570182621479034e-05,3460207612.4567475
264,2458978.369494,0,1.7e-05,,TESS Sector 24,20810.0,-5.726004019379616e-05,3460207612.4567475
265,2458981.928433,0,1.7e-05,,TESS Sector 24,20832.0,-6.807222962379456e-05,3460207612.4567475
266,2458961.868918,0,1.6e-05,,TESS Sector 24,20708.0,-4.776846617460251e-05,3906250000.0
267,2458974.325201,0,1.6e-05,,TESS Sector 24,20785.0,-8.91098752617836e-05,3906250000.0
268,2458962.354232,0,1.5e-05,,TESS Sector 24,20711.0,-4.5105814933776855e-05,4444444444.444445
269,2458965.104317,0,1.5e-05,,TESS Sector 24,20728.0,-5.768798291683197e-05,4444444444.444445
270,2458964.457192,0,1.4e-05,,TESS Sector 24,20724.0,-0.00010090414434671402,5102040816.32653
271,2458978.207715,0,1.2e-05,,TESS Sector 24,20809.0,-6.581423804163933e-05,6944444444.444444
272,2458964.780782,0,1.1e-05,,TESS Sector 24,20726.0,-5.1795970648527145e-05,8264462809.917356
273,2458968.339733,0,1.1e-05,,TESS Sector 24,20748.0,-5.06080687046051e-05,8264462809.917356
274,2458974.648786,0,1.1e-05,,TESS Sector 24,20787.0,-4.500197246670723e-05,8264462809.917356
275,2458981.281373,0,1.1e-05,,TESS Sector 24,20828.0,-4.6288128942251205e-05,8264462809.917356
276,2458965.266071,0,1e-05,,TESS Sector 24,20729.0,-7.41342082619667e-05,9999999999.999998
277,2458977.722414,0,1e-05,,TESS Sector 24,20806.0,-5.547609180212021e-05,9999999999.999998
278,2458978.531298,0,9e-06,,TESS Sector 24,20811.0,-2.3706350475549698e-05,12345679012.345678
279,2458961.545328,0,8e-06,,TESS Sector 24,20706.0,-9.687617421150208e-05,15625000000.0
280,2458968.016203,0,6e-06,,TESS Sector 24,20746.0,-3.9715785533189774e-05,27777777777.777775
281,2458968.177985,0,6e-06,,TESS Sector 24,20747.0,-2.8162263333797455e-05,27777777777.777775
282,2458981.443106,0,6e-06,,TESS Sector 24,20829.0,-8.373428136110306e-05,27777777777.777775
284,2459672.526471,0,8.7e-05,,TESS Sector 50,25101.0,-6.404612213373184e-05,132117849.1214163
285,2459684.335705,0,8.2e-05,,TESS Sector 50,25174.0,-7.260404527187347e-05,148720999.405116
286,2459685.306328,0,7.5e-05,,TESS Sector 50,25180.0,-7.227994501590729e-05,177777777.77777782
287,2459687.085806,0,6.7e-05,,TESS Sector 50,25191.0,-6.918609142303467e-05,222766763.19893068
288,2459674.467758,0,6e-05,,TESS Sector 50,25113.0,-2.2398307919502258e-05,277777777.7777778
289,2459683.688687,0,5.7e-05,,TESS Sector 50,25170.0,-8.82009044289589e-06,307787011.3881194
290,2459686.438743,0,5.4e-05,,TESS Sector 50,25187.0,-5.040224641561508e-05,342935528.1207133
291,2459674.144156,0,5.1e-05,,TESS Sector 50,25111.0,-8.350610733032227e-05,384467512.49519414
292,2459670.423513,0,5e-05,,TESS Sector 50,25088.0,-6.248243153095245e-06,400000000.0
293,2459673.173595,0,4.8e-05,,TESS Sector 50,25105.0,-2.1830201148986816e-05,434027777.77777773
294,2459688.05644,0,4.8e-05,,TESS Sector 50,25197.0,-5.7862140238285065e-05,434027777.77777773
295,2459685.629868,0,4.7e-05,,TESS Sector 50,25182.0,-7.317215204238892e-05,452693526.48257136
296,2459687.732935,0,4.7e-05,,TESS Sector 50,25195.0,-2.1969899535179138e-05,452693526.48257136
297,2459670.261712,0,4.6e-05,,TESS Sector 50,25087.0,-3.680214285850525e-05,472589792.06049144
298,2459671.394086,0,4.6e-05,,TESS Sector 50,25094.0,-5.5924057960510254e-05,472589792.06049144
299,2459672.850027,0,4.6e-05,,TESS Sector 50,25103.0,-4.893820732831955e-05,472589792.06049144
300,2459669.776422,0,4.5e-05,,TESS Sector 50,25084.0,-1.5464145690202713e-05,493827160.4938271
301,2459675.923654,0,4.5e-05,,TESS Sector 50,25122.0,-6.0412101447582245e-05,493827160.4938271
302,2459675.6001,0,4.4e-05,,TESS Sector 50,25120.0,-7.35200010240078e-05,516528925.6198347
303,2459673.33535,0,4.3e-05,,TESS Sector 50,25106.0,-3.727618604898453e-05,540832882.6392645
304,2459673.658892,0,4.3e-05,,TESS Sector 50,25108.0,-3.616791218519211e-05,540832882.6392645
305,2459684.01215,0,4.3e-05,,TESS Sector 50,25172.0,-8.671218529343605e-05,540832882.6392645
306,2459671.717667,0,4.2e-05,,TESS Sector 50,25096.0,-1.5816185623407364e-05,566893424.0362812
307,2459677.21783,0,4.2e-05,,TESS Sector 50,25130.0,-4.798034206032753e-05,566893424.0362812
308,2459683.526854,0,4.1e-05,,TESS Sector 50,25169.0,-7.137423381209373e-05,594883997.620464
309,2459691.291885,0,4.1e-05,,TESS Sector 50,25217.0,-2.178177237510681e-05,594883997.620464
310,2459684.821039,0,4e-05,,TESS Sector 50,25177.0,-4.9942173063755035e-05,624999999.9999999
311,2459672.202922,0,3.9e-05,,TESS Sector 50,25099.0,-7.21542164683342e-05,657462195.9237344
312,2459673.497138,0,3.8e-05,,TESS Sector 50,25107.0,-1.972215250134468e-05,692520775.6232686
314,2459685.1446,0,3.7e-05,,TESS Sector 50,25179.0,-2.983398735523224e-05,730460189.9196494
315,2459688.703526,0,3.7e-05,,TESS Sector 50,25201.0,-5.3646042943000793e-05,730460189.9196494
316,2459674.629508,0,3.5e-05,,TESS Sector 50,25114.0,-4.2844098061323166e-05,816326530.6122451
317,2459690.968348,0,3.5e-05,,TESS Sector 50,25215.0,-1.7889775335788727e-05,816326530.6122451
318,2459670.09992,0,3.4e-05,,TESS Sector 50,25086.0,-5.8356206864118576e-05,865051903.1141869
319,2459676.570742,0,3.3e-05,,TESS Sector 50,25126.0,-5.419645458459854e-05,918273645.5463728
320,2459677.86492,0,3.3e-05,,TESS Sector 50,25134.0,-3.976421430706978e-05,918273645.5463728
321,2459685.791674,0,3.3e-05,,TESS Sector 50,25183.0,-3.761798143386841e-05,918273645.5463728
322,2459678.026635,0,3.2e-05,,TESS Sector 50,25135.0,-9.521003812551498e-05,976562500.0
323,2459684.497515,0,3.2e-05,,TESS Sector 50,25175.0,-3.3050309866666794e-05,976562500.0
324,2459670.585228,0,3.1e-05,,TESS Sector 50,25089.0,-6.169406697154045e-05,1040582726.3267429
325,2459677.703119,0,3.1e-05,,TESS Sector 50,25133.0,-7.031811401247978e-05,1040582726.3267429
326,2459690.483009,0,3.1e-05,,TESS Sector 50,25212.0,-4.555238410830498e-05,1040582726.3267429
327,2459670.908843,0,3e-05,,TESS Sector 50,25091.0,1.2413598597049713e-05,1111111111.1111112
328,2459675.761883,0,3e-05,,TESS Sector 50,25121.0,-6.0966238379478455e-05,1111111111.1111112
329,2459687.571141,0,3e-05,,TESS Sector 50,25194.0,-4.552444443106651e-05,1111111111.1111112
330,2459688.379957,0,3e-05,,TESS Sector 50,25199.0,-8.175428956747055e-05,1111111111.1111112
331,2459690.159444,0,3e-05,,TESS Sector 50,25210.0,-6.966013461351395e-05,1111111111.1111112
332,2459690.644818,0,3e-05,,TESS Sector 50,25213.0,-6.9979578256607056e-06,1111111111.1111112
333,2459673.820657,0,2.9e-05,,TESS Sector 50,25109.0,-4.1614286601543427e-05,1189060642.0927467
334,2459676.085405,0,2.9e-05,,TESS Sector 50,25123.0,-7.985811680555344e-05,1189060642.0927467
335,2459676.732518,0,2.9e-05,,TESS Sector 50,25127.0,-4.864204674959183e-05,1189060642.0927467
336,2459686.600468,0,2.9e-05,,TESS Sector 50,25188.0,-9.584799408912659e-05,1189060642.0927467
337,2459675.27658,0,2.8e-05,,TESS Sector 50,25118.0,-5.2628107368946075e-05,1275510204.0816326
338,2459676.408979,0,2.8e-05,,TESS Sector 50,25125.0,-4.675006493926048e-05,1275510204.0816326
339,2459676.8943,0,2.8e-05,,TESS Sector 50,25128.0,-3.708852455019951e-05,1275510204.0816326
340,2459689.350582,0,2.7e-05,,TESS Sector 50,25205.0,-7.943017408251762e-05,1371742112.4828532
341,2459670.747001,0,2.6e-05,,TESS Sector 50,25090.0,-5.91399148106575e-05,1479289940.8284025
342,2459673.982384,0,2.6e-05,,TESS Sector 50,25110.0,-8.506001904606819e-05,1479289940.8284025
343,2459684.659298,0,2.6e-05,,TESS Sector 50,25176.0,-2.0496081560850143e-05,1479289940.8284025
344,2459687.409327,0,2.6e-05,,TESS Sector 50,25193.0,-8.907821029424667e-05,1479289940.8284025
345,2459689.02707,0,2.6e-05,,TESS Sector 50,25203.0,-5.053821951150894e-05,1479289940.8284025
346,2459690.321217,0,2.6e-05,,TESS Sector 50,25211.0,-6.7105982452631e-05,1479289940.8284025
347,2459691.130063,0,2.6e-05,,TESS Sector 50,25216.0,-7.333606481552124e-05,1479289940.8284025
348,2459672.041157,0,2.5e-05,,TESS Sector 50,25098.0,-6.670784205198288e-05,1600000000.0
349,2459675.114757,0,2.5e-05,,TESS Sector 50,25117.0,-0.00010518217459321022,1600000000.0
350,2459689.835916,0,2.5e-05,,TESS Sector 50,25208.0,-5.6768301874399185e-05,1600000000.0
351,2459671.232341,0,2.4e-05,,TESS Sector 50,25093.0,-3.047846257686615e-05,1736111111.111111
352,2459677.541363,0,2.4e-05,,TESS Sector 50,25132.0,-5.5872369557619095e-05,1736111111.111111
353,2459687.89468,0,2.4e-05,,TESS Sector 50,25196.0,-4.741642624139786e-05,1736111111.111111
354,2459688.865286,0,2.4e-05,,TESS Sector 50,25202.0,-6.409222260117531e-05,1736111111.111111
355,2459690.806546,0,2.4e-05,,TESS Sector 50,25214.0,-4.944438114762306e-05,1736111111.111111
356,2459676.24721,0,2.3e-05,,TESS Sector 50,25124.0,-4.5303720980882645e-05,1890359168.2419658
357,2459678.350262,0,2.3e-05,,TESS Sector 50,25137.0,-9.101815521717072e-06,1890359168.2419658
358,2459684.173962,0,2.3e-05,,TESS Sector 50,25173.0,-4.515843465924263e-05,1890359168.2419658
359,2459685.468117,0,2.3e-05,,TESS Sector 50,25181.0,-5.3726136684417725e-05,1890359168.2419658
360,2459688.218178,0,2.3e-05,,TESS Sector 50,25198.0,-9.030848741531372e-05,1890359168.2419658
361,2459669.61463,0,2.2e-05,,TESS Sector 50,25083.0,-3.701774403452873e-05,2066115702.479339
362,2459684.982799,0,2.2e-05,,TESS Sector 50,25178.0,-6.038788706064224e-05,2066115702.479339
363,2459688.541745,0,2.2e-05,,TESS Sector 50,25200.0,-6.42002560198307e-05,2066115702.479339
364,2459672.68826,0,2.1e-05,,TESS Sector 50,25102.0,-4.549184814095497e-05,2267573696.145125
365,2459678.188447,0,2e-05,,TESS Sector 50,25136.0,-5.3656287491321564e-05,2499999999.9999995
366,2459671.555874,0,1.9e-05,,TESS Sector 50,25095.0,-3.8370490074157715e-05,2770083102.4930744
367,2459671.070528,0,1.8e-05,,TESS Sector 50,25092.0,-7.303198799490929e-05,3086419753.0864196
368,2459675.438317,0,1.8e-05,,TESS Sector 50,25119.0,-8.607422932982445e-05,3086419753.0864196
369,2459686.924006,0,1.8e-05,,TESS Sector 50,25190.0,-9.873975068330765e-05,3086419753.0864196
370,2459689.674156,0,1.8e-05,,TESS Sector 50,25207.0,-4.632212221622467e-05,3086419753.0864196
371,2459683.850402,0,1.6e-05,,TESS Sector 50,25171.0,-6.42663799226284e-05,3906250000.0
372,2459689.512382,0,1.6e-05,,TESS Sector 50,25206.0,-4.9876049160957336e-05,3906250000.0
373,2459689.997705,0,1.6e-05,,TESS Sector 50,25209.0,-3.8214027881622314e-05,3906250000.0
374,2459674.953024,0,1.5e-05,,TESS Sector 50,25116.0,-6.773602217435837e-05,4444444444.444445
375,2459686.115201,0,1.5e-05,,TESS Sector 50,25185.0,-5.1510054618120193e-05,4444444444.444445
376,2459689.188832,0,1.5e-05,,TESS Sector 50,25204.0,-5.8984383940696716e-05,4444444444.444445
377,2459677.056062,0,1.4e-05,,TESS Sector 50,25129.0,-4.5534223318099976e-05,5102040816.32653
378,2459687.2476,0,1.3e-05,,TESS Sector 50,25192.0,-4.56320121884346e-05,5917159763.31361
379,2459686.762273,0,1.1e-05,,TESS Sector 50,25189.0,-6.12940639257431e-05,8264462809.917356
380,2459674.305937,0,1e-05,,TESS Sector 50,25112.0,-7.295189425349236e-05,9999999999.999998
381,2459671.879416,0,9e-06,,TESS Sector 50,25097.0,-3.7262216210365295e-05,12345679012.345678
382,2459677.379595,0,9e-06,,TESS Sector 50,25131.0,-5.342625081539154e-05,12345679012.345678
383,2459686.27693,0,7e-06,,TESS Sector 50,25186.0,-9.295577183365822e-05,20408163265.30612
384,2459710.542589,0,5.9e-05,,TESS Sector 51,25336.0,-8.563511073589325e-07,287273771.9046251
385,2459700.836378,0,5.3e-05,,TESS Sector 51,25276.0,1.4903955161571503e-05,355998576.00569594
386,2459717.498659,0,5.1e-05,,TESS Sector 51,25379.0,-6.003445014357567e-05,384467512.49519414
387,2459701.321619,0,5e-05,,TESS Sector 51,25279.0,-5.543418228626251e-05,400000000.0
388,2459703.262851,0,4.6e-05,,TESS Sector 51,25291.0,-6.878608837723732e-05,472589792.06049144
389,2459714.101446,0,4.6e-05,,TESS Sector 51,25358.0,-9.366823360323906e-05,472589792.06049144
390,2459699.380377,0,4.5e-05,,TESS Sector 51,25267.0,-5.20818866789341e-05,493827160.4938271
391,2459700.02746,0,4.4e-05,,TESS Sector 51,25271.0,-5.086604505777359e-05,516528925.6198347
392,2459700.512779,0,4.4e-05,,TESS Sector 51,25274.0,-4.320405423641205e-05,516528925.6198347
393,2459714.425019,0,4.4e-05,,TESS Sector 51,25360.0,-6.155995652079582e-05,516528925.6198347
394,2459691.453575,0,4.3e-05,,TESS Sector 51,25218.0,-0.00010222801938652992,540832882.6392645
395,2459704.557015,0,4.3e-05,,TESS Sector 51,25299.0,-6.835442036390305e-05,540832882.6392645
396,2459711.998467,0,4.3e-05,,TESS Sector 51,25345.0,-5.686981603503227e-05,540832882.6392645
397,2459713.939743,0,4.3e-05,,TESS Sector 51,25357.0,-2.6221852749586105e-05,540832882.6392645
398,2459711.513138,0,4.2e-05,,TESS Sector 51,25342.0,-7.453234866261482e-05,566893424.0362812
399,2459714.910357,0,4.2e-05,,TESS Sector 51,25363.0,-3.48980538547039e-05,566893424.0362812
400,2459715.395631,0,4.2e-05,,TESS Sector 51,25366.0,-7.223617285490036e-05,566893424.0362812
401,2459715.719248,0,4.1e-05,,TESS Sector 51,25368.0,3.871973603963852e-06,594883997.620464
402,2459717.17511,0,4e-05,,TESS Sector 51,25377.0,-6.814207881689072e-05,624999999.9999999
403,2459713.130819,0,3.9e-05,,TESS Sector 51,25352.0,-9.799236431717873e-05,657462195.9237344
404,2459716.042735,0,3.9e-05,,TESS Sector 51,25370.0,-5.001993849873543e-05,657462195.9237344
405,2459702.454041,0,3.8e-05,,TESS Sector 51,25286.0,-2.6556197553873062e-05,692520775.6232686
406,2459703.909954,0,3.8e-05,,TESS Sector 51,25295.0,-4.757056012749672e-05,692520775.6232686
407,2459704.395268,0,3.8e-05,,TESS Sector 51,25298.0,-4.4907908886671066e-05,692520775.6232686
408,2459714.263199,0,3.7e-05,,TESS Sector 51,25359.0,-0.0001111137680709362,730460189.9196494
409,2459717.013413,0,3.7e-05,,TESS Sector 51,25376.0,5.30388206243515e-06,730460189.9196494
410,2459697.924436,0,3.6e-05,,TESS Sector 51,25258.0,-5.90677373111248e-05,771604938.2716049
411,2459698.086197,0,3.5e-05,,TESS Sector 51,25259.0,-6.85141421854496e-05,816326530.6122451
412,2459701.159856,0,3.5e-05,,TESS Sector 51,25278.0,-4.798825830221176e-05,816326530.6122451
413,2459715.233865,0,3.5e-05,,TESS Sector 51,25365.0,-6.779050454497337e-05,816326530.6122451
414,2459703.10112,0,3.4e-05,,TESS Sector 51,25290.0,-2.9340386390686035e-05,865051903.1141869
415,2459711.027828,0,3.4e-05,,TESS Sector 51,25339.0,-7.319403812289238e-05,865051903.1141869
416,2459713.292605,0,3.4e-05,,TESS Sector 51,25353.0,-8.243788033723831e-05,865051903.1141869
417,2459701.483373,0,3.3e-05,,TESS Sector 51,25280.0,-7.188040763139725e-05,918273645.5463728
418,2459697.762674,0,3.2e-05,,TESS Sector 51,25257.0,-5.0622038543224335e-05,976562500.0
419,2459710.380763,0,3.2e-05,,TESS Sector 51,25335.0,-5.6410208344459534e-05,976562500.0
420,2459712.645597,0,3.2e-05,,TESS Sector 51,25349.0,-8.653849363327026e-06,976562500.0
421,2459715.557411,0,3.2e-05,,TESS Sector 51,25367.0,-6.268220022320747e-05,976562500.0
422,2459711.351393,0,3.1e-05,,TESS Sector 51,25341.0,-4.90858219563961e-05,1040582726.3267429
423,2459714.586788,0,3.1e-05,,TESS Sector 51,25361.0,-6.300583481788635e-05,1040582726.3267429
424,2459700.189176,0,3e-05,,TESS Sector 51,25272.0,-0.00010531209409236908,1111111111.1111112
425,2459704.071716,0,3e-05,,TESS Sector 51,25296.0,-5.6016258895397186e-05,1111111111.1111112
426,2459713.778019,0,3e-05,,TESS Sector 51,25356.0,2.0223669707775116e-05,1111111111.1111112
427,2459714.748573,0,3e-05,,TESS Sector 51,25362.0,-4.845205694437027e-05,1111111111.1111112
428,2459698.409736,0,2.9e-05,,TESS Sector 51,25261.0,-7.040612399578094e-05,1189060642.0927467
429,2459702.292266,0,2.9e-05,,TESS Sector 51,25285.0,-3.1109899282455444e-05,1189060642.0927467
430,2459712.969104,0,2.9e-05,,TESS Sector 51,25351.0,-4.254607483744621e-05,1189060642.0927467
431,2459701.645162,0,2.8e-05,,TESS Sector 51,25281.0,-5.3326133638620377e-05,1275510204.0816326
432,2459701.80693,0,2.8e-05,,TESS Sector 51,25282.0,-5.577225238084793e-05,1275510204.0816326
433,2459702.615786,0,2.8e-05,,TESS Sector 51,25287.0,-5.2001792937517166e-05,1275510204.0816326
434,2459703.424656,0,2.8e-05,,TESS Sector 51,25292.0,-3.4232158213853836e-05,1275510204.0816326
435,2459703.58645,0,2.8e-05,,TESS Sector 51,25293.0,-1.0678078979253769e-05,1275510204.0816326
436,2459702.77757,0,2.7e-05,,TESS Sector 51,25288.0,-3.844825550913811e-05,1371742112.4828532
437,2459712.807396,0,2.7e-05,,TESS Sector 51,25350.0,1.989956945180893e-05,1371742112.4828532
438,2459716.851612,0,2.7e-05,,TESS Sector 51,25375.0,-2.525048330426216e-05,1371742112.4828532
439,2459713.454415,0,2.6e-05,,TESS Sector 51,25354.0,-4.288414493203163e-05,1479289940.8284025
440,2459713.61613,0,2.6e-05,,TESS Sector 51,25355.0,-9.832996875047684e-05,1479289940.8284025
441,2459700.350956,0,2.5e-05,,TESS Sector 51,25273.0,-9.57581214606762e-05,1600000000.0
442,2459700.998112,0,2.5e-05,,TESS Sector 51,25277.0,-2.1541956812143326e-05,1600000000.0
443,2459702.130507,0,2.5e-05,,TESS Sector 51,25284.0,-1.966441050171852e-05,1600000000.0
444,2459711.189614,0,2.5e-05,,TESS Sector 51,25340.0,-5.764048546552658e-05,1600000000.0
445,2459711.674938,0,2.5e-05,,TESS Sector 51,25343.0,-4.4978223741054535e-05,1600000000.0
446,2459715.880948,0,2.5e-05,,TESS Sector 51,25369.0,-6.657419726252556e-05,1600000000.0
447,2459716.204454,0,2.5e-05,,TESS Sector 51,25371.0,-0.00010146619752049446,1600000000.0
448,2459716.689795,0,2.5e-05,,TESS Sector 51,25374.0,-7.180403918027878e-05,1600000000.0
449,2459715.07211,0,2.4e-05,,TESS Sector 51,25364.0,-5.2344053983688354e-05,1736111111.111111
450,2459716.36626,0,2.4e-05,,TESS Sector 51,25372.0,-6.591202691197395e-05,1736111111.111111
451,2459697.600963,0,2.3e-05,,TESS Sector 51,25256.0,8.824281394481659e-06,1890359168.2419658
452,2459702.93931,0,2.3e-05,,TESS Sector 51,25289.0,-6.889412179589272e-05,1890359168.2419658
453,2459704.233468,0,2.3e-05,,TESS Sector 51,25297.0,-7.446249946951866e-05,1890359168.2419658
454,2459698.247996,0,2.2e-05,,TESS Sector 51,25260.0,-3.995979204773903e-05,2066115702.479339
455,2459699.865722,0,2.2e-05,,TESS Sector 51,25270.0,-1.8420163542032242e-05,2066115702.479339
456,2459700.674562,0,2.2e-05,,TESS Sector 51,25275.0,-3.06498259305954e-05,2066115702.479339
457,2459699.542162,0,2.1e-05,,TESS Sector 51,25268.0,-3.7528108805418015e-05,2267573696.145125
458,2459701.968699,0,2.1e-05,,TESS Sector 51,25283.0,-5.721813067793846e-05,2267573696.145125
459,2459703.748167,0,2.1e-05,,TESS Sector 51,25294.0,-6.412435322999954e-05,2267573696.145125
460,2459717.336892,0,1.9e-05,,TESS Sector 51,25378.0,-5.658809095621109e-05,2770083102.4930744
461,2459699.218611,0,1.8e-05,,TESS Sector 51,25266.0,-4.763621836900711e-05,3086419753.0864196
462,2459711.836679,0,1.7e-05,,TESS Sector 51,25344.0,-7.442431524395943e-05,3460207612.4567475
463,2459698.57148,0,1.6e-05,,TESS Sector 51,25262.0,-9.685242548584938e-05,3906250000.0
464,2459699.703861,0,1.6e-05,,TESS Sector 51,25269.0,-0.00010897405445575714,3906250000.0
465,2459698.895021,0,1.5e-05,,TESS Sector 51,25264.0,-9.674439206719398e-05,4444444444.444445
466,2459710.866115,0,1.5e-05,,TESS Sector 51,25338.0,-1.5748199075460434e-05,4444444444.444445
467,2459712.160203,0,1.4e-05,,TESS Sector 51,25346.0,-9.131617844104767e-05,5102040816.32653
468,2459712.483793,0,1.4e-05,,TESS Sector 51,25348.0,-4.2208004742860794e-05,5102040816.32653
469,2459716.528071,0,1.2e-05,,TESS Sector 51,25373.0,-2.5358516722917557e-05,6944444444.444444
470,2459623.510067,0,2.0653229215e-05,,MUO,24798.0,-2.2908207029104233e-05,2344358743.8435802
471,2459623.671837,0,2.065322918e-05,,MUO,24799.0,-2.335384488105774e-05,2344358751.789317
472,2459350.441506,0,1.3e-05,,MUO,23110.0,-7.106037810444832e-05,5917159763.31361
473,2460739.564389,0,8.498e-05,,Ždánice ,31697.0,-7.861759513616562e-06,138473460.8134784
474,2460739.564425,0,2.9269945047e-05,,Ždánice ,31697.0,2.8138048946857452e-05,1167229313.7256725
475,2460460.348545,0,2.8e-05,,Ždánice ,29971.0,-6.206613034009933e-05,1275510204.0816326
476,2460069.349345,0,1.4e-05,,Ždánice ,27554.0,-9.408406913280487e-05,5102040816.32653
477,2460056.569466,0,3e-06,,Ždánice ,27475.0,-0.00010784994810819626,111111111111.1111
478,2460460.510318,0,3e-06,,Ždánice ,29972.0,-5.951244384050369e-05,111111111111.1111
